category_main,category_main_id,category_sub,category_sub_id,category_detail,category_detail_id
스킨케어,10000010001,스킨/토너,100000100010013,스킨/토너,1000001000100130001
스킨케어,10000010001,에센스/세럼/앰플,100000100010014,에센스/세럼/앰플,1000001000100140001
스킨케어,10000010001,크림,100000100010015,크림,1000001000100150001
스킨케어,10000010001,크림,100000100010015,아이크림,1000001000100150002
스킨케어,10000010001,로션,100000100010016,로션,1000001000100160001
스킨케어,10000010001,로션,100000100010016,올인원,1000001000100160002
스킨케어,10000010001,미스트/오일,100000100010010,미스트/픽서,1000001000100100001
스킨케어,10000010001,미스트/오일,100000100010010,페이스오일,1000001000100100002
스킨케어,10000010001,스킨케어세트,100000100010017,스킨케어세트,1000001000100170001
스킨케어,10000010001,스킨케어 디바이스,100000100010018,스킨케어 디바이스,1000001000100180001
마스크팩,10000010009,시트팩,100000100090001,시트팩,1000001000900010001
마스크팩,10000010009,패드,100000100090004,패드,1000001000900040001
마스크팩,10000010009,페이셜팩,100000100090002,워시오프팩,1000001000900020001
마스크팩,10000010009,페이셜팩,100000100090002,모델링팩,1000001000900020004
마스크팩,10000010009,페이셜팩,100000100090002,필오프팩,1000001000900020005
마스크팩,10000010009,페이셜팩,100000100090002,슬리핑팩,1000001000900020002
마스크팩,10000010009,코팩,100000100090005,코팩,1000001000900050001
마스크팩,10000010009,패치,100000100090006,패치,1000001000900060001
클렌징,10000010010,클렌징폼/젤,100000100100001,클렌징폼/젤,1000001001000010001
클렌징,10000010010,클렌징폼/젤,100000100100001,팩클렌저,1000001001000010003
클렌징,10000010010,클렌징폼/젤,100000100100001,클렌징 비누,1000001001000010002
클렌징,10000010010,오일/밤,100000100100004,클렌징오일,1000001001000040001
클렌징,10000010010,오일/밤,100000100100004,클렌징밤,1000001001000040002
클렌징,10000010010,워터/밀크,100000100100005,클렌징워터,1000001001000050003
클렌징,10000010010,워터/밀크,100000100100005,클렌징밀크/크림,1000001001000050001
클렌징,10000010010,필링&스크럽,100000100100007,페이셜스크럽,1000001001000070002
클렌징,10000010010,필링&스크럽,100000100100007,피지클리너,1000001001000070001
클렌징,10000010010,필링&스크럽,100000100100007,파우더워시,1000001001000070003
클렌징,10000010010,티슈/패드,100000100100008,클렌징티슈/패드,1000001001000080001
클렌징,10000010010,립&아이리무버,100000100100006,립&아이리무버,1000001001000060001
클렌징,10000010010,클렌징 디바이스,100000100100009,클렌징 디바이스,1000001001000090001
선케어,10000010011,선크림,100000100110006,선크림,1000001001100060001
선케어,10000010011,선스틱,100000100110003,선스틱,1000001001100030001
선케어,10000010011,선쿠션,100000100110004,선쿠션,1000001001100040001
선케어,10000010011,선쿠션,100000100110004,선파우더,1000001001100040002
선케어,10000010011,선스프레이/선패치,100000100110005,선스프레이,1000001001100050002
선케어,10000010011,선스프레이/선패치,100000100110005,선패치,1000001001100050001
선케어,10000010011,태닝/애프터선,100000100110002,태닝,1000001001100020001
선케어,10000010011,태닝/애프터선,100000100110002,애프터선,1000001001100020002
메이크업,10000010002,립메이크업,100000100020006,립틴트,1000001000200060003
메이크업,10000010002,립메이크업,100000100020006,립스틱,1000001000200060004
메이크업,10000010002,립메이크업,100000100020006,립라이너,1000001000200060006
메이크업,10000010002,립메이크업,100000100020006,립케어,1000001000200060001
메이크업,10000010002,립메이크업,100000100020006,컬러립밤,1000001000200060007
메이크업,10000010002,립메이크업,100000100020006,립글로스,1000001000200060002
메이크업,10000010002,베이스메이크업,100000100020001,쿠션,1000001000200010009
메이크업,10000010002,베이스메이크업,100000100020001,파운데이션,1000001000200010002
메이크업,10000010002,베이스메이크업,100000100020001,블러셔,1000001000200010006
메이크업,10000010002,베이스메이크업,100000100020001,파우더/팩트,1000001000200010004
메이크업,10000010002,베이스메이크업,100000100020001,컨실러,1000001000200010005
메이크업,10000010002,베이스메이크업,100000100020001,프라이머/베이스,1000001000200010003
메이크업,10000010002,베이스메이크업,100000100020001,쉐이딩,1000001000200010007
메이크업,10000010002,베이스메이크업,100000100020001,하이라이터,1000001000200010008
메이크업,10000010002,베이스메이크업,100000100020001,메이크업 픽서,1000001000200010010
메이크업,10000010002,베이스메이크업,100000100020001,BB/CC,1000001000200010001
메이크업,10000010002,아이메이크업,100000100020007,아이라이너,1000001000200070002
메이크업,10000010002,아이메이크업,100000100020007,마스카라,1000001000200070001
메이크업,10000010002,아이메이크업,100000100020007,아이브로우,1000001000200070004
메이크업,10000010002,아이메이크업,100000100020007,아이섀도우,1000001000200070003
메이크업,10000010002,아이메이크업,100000100020007,아이래쉬 케어,1000001000200070007
메이크업,10000010002,아이메이크업,100000100020007,아이 픽서,1000001000200070008
뷰티소품,10000010006,메이크업소품,100000100060001,퍼프,1000001000600010005
뷰티소품,10000010006,메이크업소품,100000100060001,브러시,1000001000600010007
뷰티소품,10000010006,메이크업소품,100000100060001,스펀지,1000001000600010006
뷰티소품,10000010006,메이크업소품,100000100060001,툴 클렌징,1000001000600010010
뷰티소품,10000010006,메이크업소품,100000100060001,뷰티소품 기타,1000001000600010009
뷰티소품,10000010006,아이소품,100000100060007,속눈썹/쌍꺼풀,1000001000600070002
뷰티소품,10000010006,아이소품,100000100060007,뷰러,1000001000600070001
뷰티소품,10000010006,아이소품,100000100060007,눈썹관리 도구,1000001000600070003
뷰티소품,10000010006,스킨케어소품,100000100060006,얼굴관리도구,1000001000600060005
뷰티소품,10000010006,스킨케어소품,100000100060006,팩/세안도구,1000001000600060004
뷰티소품,10000010006,스킨케어소품,100000100060006,기름종이,1000001000600060003
뷰티소품,10000010006,스킨케어소품,100000100060006,화장솜,1000001000600060001
뷰티소품,10000010006,스킨케어소품,100000100060006,면봉,1000001000600060002
뷰티소품,10000010006,헤어소품,100000100060002,헤어브러시,1000001000600020002
뷰티소품,10000010006,헤어소품,100000100060002,스타일링소품,1000001000600020005
뷰티소품,10000010006,헤어소품,100000100060002,헤어소품 기타,1000001000600020006
뷰티소품,10000010006,네일/바디소품,100000100060003,네일용품,1000001000600030001
뷰티소품,10000010006,네일/바디소품,100000100060003,바디용품,1000001000600030004
뷰티소품,10000010006,뷰티잡화,100000100060005,공용기,1000001000600050003
뷰티소품,10000010006,뷰티잡화,100000100060005,파우치,1000001000600050008
뷰티소품,10000010006,뷰티잡화,100000100060005,거울,1000001000600050009
더모 코스메틱,10000010008,스킨케어,100000100080013,로션/크림/올인원,1000001000800130001
더모 코스메틱,10000010008,스킨케어,100000100080013,에센스/세럼,1000001000800130005
더모 코스메틱,10000010008,스킨케어,100000100080013,스킨/토너,1000001000800130002
더모 코스메틱,10000010008,스킨케어,100000100080013,아이크림,1000001000800130004
더모 코스메틱,10000010008,스킨케어,100000100080013,미스트/오일,1000001000800130006
더모 코스메틱,10000010008,바디케어,100000100080004,로션/크림/오일(밤),1000001000800040005
더모 코스메틱,10000010008,바디케어,100000100080004,워시,1000001000800040006
더모 코스메틱,10000010008,바디케어,100000100080004,청결제,1000001000800040002
더모 코스메틱,10000010008,바디케어,100000100080004,립케어,1000001000800040003
더모 코스메틱,10000010008,바디케어,100000100080004,핸드크림,1000001000800040004
더모 코스메틱,10000010008,바디케어,100000100080004,데오/미스트,1000001000800040001
더모 코스메틱,10000010008,클렌징,100000100080006,클렌징워터/티슈,1000001000800060007
더모 코스메틱,10000010008,클렌징,100000100080006,클렌징폼/젤,1000001000800060005
더모 코스메틱,10000010008,클렌징,100000100080006,클렌징 오일/밀크,1000001000800060004
더모 코스메틱,10000010008,클렌징,100000100080006,필링/스크럽,1000001000800060003
더모 코스메틱,10000010008,선케어,100000100080005,선크림/선로션,1000001000800050004
더모 코스메틱,10000010008,선케어,100000100080005,선스틱,1000001000800050003
더모 코스메틱,10000010008,마스크팩,100000100080011,마스크/패드,1000001000800110001
맨즈케어,10000010007,스킨케어,100000100070007,올인원,1000001000700070006
맨즈케어,10000010007,스킨케어,100000100070007,스킨/로션/세럼,1000001000700070013
맨즈케어,10000010007,스킨케어,100000100070007,클렌징/선크림/팩,1000001000700070014
맨즈케어,10000010007,스킨케어,100000100070007,스킨케어 세트,1000001000700070012
맨즈케어,10000010007,메이크업,100000100070008,톤 로션/BB,1000001000700080015
맨즈케어,10000010007,메이크업,100000100070008,쿠션/파운데이션,1000001000700080011
맨즈케어,10000010007,메이크업,100000100070008,쉐딩/파우더/기름종이,1000001000700080012
맨즈케어,10000010007,메이크업,100000100070008,컬러립밤/보습립밤,1000001000700080013
맨즈케어,10000010007,메이크업,100000100070008,아이브로우,1000001000700080014
맨즈케어,10000010007,쉐이빙/왁싱,100000100070010,면도기/면도날,1000001000700100001
맨즈케어,10000010007,쉐이빙/왁싱,100000100070010,전기면도기,1000001000700100002
맨즈케어,10000010007,쉐이빙/왁싱,100000100070010,쉐이빙 폼/젤 크림,1000001000700100003
맨즈케어,10000010007,쉐이빙/왁싱,100000100070010,애프터쉐이브,1000001000700100005
맨즈케어,10000010007,쉐이빙/왁싱,100000100070010,멀티트리머,1000001000700100006
맨즈케어,10000010007,쉐이빙/왁싱,100000100070010,제모/왁싱,1000001000700100007
맨즈케어,10000010007,바디케어,100000100070011,바디워시/로션,1000001000700110006
맨즈케어,10000010007,바디케어,100000100070011,데오/바디미스트,1000001000700110007
맨즈케어,10000010007,바디케어,100000100070011,남성청결제,1000001000700110010
맨즈케어,10000010007,헤어케어,100000100070009,스프레이/왁스/젤,1000001000700090013
맨즈케어,10000010007,헤어케어,100000100070009,오일/토닉/컬크림,1000001000700090014
맨즈케어,10000010007,헤어케어,100000100070009,헤어기기,1000001000700090015
맨즈케어,10000010007,헤어케어,100000100070009,염색/다운펌,1000001000700090012
맨즈케어,10000010007,헤어케어,100000100070009,샴푸/린스,1000001000700090011
맨즈케어,10000010007,프래그런스,100000100070017,향수,1000001000700170001
맨즈케어,10000010007,프래그런스,100000100070017,바디 스프레이,1000001000700170005
맨즈케어,10000010007,프래그런스,100000100070017,방향/탈취,1000001000700170004
맨즈케어,10000010007,프래그런스,100000100070017,차량용 방향제,1000001000700170006
맨즈케어,10000010007,패션/취미,100000100070018,니플패치/언더웨어,1000001000700180001
맨즈케어,10000010007,패션/취미,100000100070018,양말/깔창,1000001000700180002
맨즈케어,10000010007,패션/취미,100000100070018,자동차 용품,1000001000700180003
맨즈케어,10000010007,패션/취미,100000100070018,생활청소용품,1000001000700180004
맨즈케어,10000010007,헬스용품/식품,100000100070019,헬스 용품,1000001000700190001
맨즈케어,10000010007,헬스용품/식품,100000100070019,프로틴,1000001000700190002
맨즈케어,10000010007,헬스용품/식품,100000100070019,부스터,1000001000700190003
맨즈케어,10000010007,헬스용품/식품,100000100070019,헬스식품 기타,1000001000700190004
헤어케어,10000010004,샴푸/린스,100000100040008,샴푸,1000001000400080001
헤어케어,10000010004,샴푸/린스,100000100040008,린스/컨디셔너,1000001000400080002
헤어케어,10000010004,샴푸/린스,100000100040008,드라이샴푸,1000001000400080005
헤어케어,10000010004,샴푸/린스,100000100040008,스케일러,1000001000400080006
헤어케어,10000010004,트리트먼트/팩,100000100040007,헤어 트리트먼트,1000001000400070005
헤어케어,10000010004,트리트먼트/팩,100000100040007,노워시 트리트먼트,1000001000400070006
헤어케어,10000010004,두피앰플/토닉,100000100040014,헤어토닉/두피토닉,1000001000400140001
헤어케어,10000010004,헤어에센스,100000100040013,헤어세럼,1000001000400130005
헤어케어,10000010004,헤어에센스,100000100040013,헤어오일,1000001000400130006
헤어케어,10000010004,염색약/펌,100000100040010,컬러염색/탈색,1000001000400100008
헤어케어,10000010004,염색약/펌,100000100040010,새치염색,1000001000400100007
헤어케어,10000010004,염색약/펌,100000100040010,헤어메이크업,1000001000400100006
헤어케어,10000010004,염색약/펌,100000100040010,파마,1000001000400100003
헤어케어,10000010004,헤어기기/브러시,100000100040004,고데기,1000001000400040008
헤어케어,10000010004,헤어기기/브러시,100000100040004,드라이기,1000001000400040009
헤어케어,10000010004,헤어기기/브러시,100000100040004,헤어 브러시,1000001000400040010
헤어케어,10000010004,스타일링,100000100040011,컬크림/컬링에센스,1000001000400110003
헤어케어,10000010004,스타일링,100000100040011,왁스/젤/무스/토닉,1000001000400110001
헤어케어,10000010004,스타일링,100000100040011,스프레이/픽서,1000001000400110002
바디케어,10000010003,샤워/입욕,100000100030005,바디워시,1000001000300050001
바디케어,10000010003,샤워/입욕,100000100030005,바디스크럽,1000001000300050002
바디케어,10000010003,샤워/입욕,100000100030005,입욕제,1000001000300050003
바디케어,10000010003,샤워/입욕,100000100030005,비누,1000001000300050004
바디케어,10000010003,로션/오일/미스트,100000100030022,로션/크림,1000001000300220001
바디케어,10000010003,로션/오일/미스트,100000100030022,바디미스트,1000001000300220002
바디케어,10000010003,로션/오일/미스트,100000100030022,바디오일,1000001000300220003
바디케어,10000010003,핸드케어,100000100030016,핸드크림,1000001000300160002
바디케어,10000010003,핸드케어,100000100030016,핸드워시,1000001000300160001
바디케어,10000010003,풋케어,100000100030024,풋크림,1000001000300240001
바디케어,10000010003,풋케어,100000100030024,풋삼푸,1000001000300240002
바디케어,10000010003,풋케어,100000100030024,발냄새제거제,1000001000300240003
바디케어,10000010003,풋케어,100000100030024,발각질제거제,1000001000300240004
바디케어,10000010003,풋케어,100000100030024,발관리용품,1000001000300240005
바디케어,10000010003,제모/왁싱,100000100030019,면도기/면도날,1000001000300190002
바디케어,10000010003,제모/왁싱,100000100030019,제모크림,1000001000300190001
바디케어,10000010003,제모/왁싱,100000100030019,스트립/왁스,1000001000300190003
바디케어,10000010003,제모/왁싱,100000100030019,제모기기,1000001000300190004
바디케어,10000010003,제모/왁싱,100000100030019,남성 쉐이빙,1000001000300190005
바디케어,10000010003,데오드란트,100000100030012,데오스틱,1000001000300120006
바디케어,10000010003,데오드란트,100000100030012,데오롤온,1000001000300120007
바디케어,10000010003,데오드란트,100000100030012,데오스프레이,1000001000300120004
바디케어,10000010003,데오드란트,100000100030012,쿨링/데오시트,1000001000300120005
바디케어,10000010003,선물세트,100000100030017,핸드 선물세트,1000001000300170004
바디케어,10000010003,선물세트,100000100030017,바디 선물세트,1000001000300170002
바디케어,10000010003,베이비,100000100030020,보습,1000001000300200001
바디케어,10000010003,베이비,100000100030020,세정,1000001000300200002
바디케어,10000010003,베이비,100000100030020,선케어,1000001000300200003
향수/디퓨저,10000010005,향수,100000100050013,여성향수,1000001000500130001
향수/디퓨저,10000010005,향수,100000100050013,남성향수,1000001000500130002
향수/디퓨저,10000010005,향수,100000100050013,유니섹스향수,1000001000500130003
향수/디퓨저,10000010005,향수,100000100050013,헤어퍼퓸,1000001000500130004
향수/디퓨저,10000010005,미니/고체향수,100000100050010,고체향수,1000001000500100001
향수/디퓨저,10000010005,미니/고체향수,100000100050010,소용량향수,1000001000500100003
향수/디퓨저,10000010005,미니/고체향수,100000100050010,디스커버리세트,1000001000500100002
향수/디퓨저,10000010005,홈프래그런스,100000100050012,디퓨저/캔들/인센스,1000001000500120001
향수/디퓨저,10000010005,홈프래그런스,100000100050012,룸스프레이/탈취제,1000001000500120005
향수/디퓨저,10000010005,홈프래그런스,100000100050012,차량용방향제/샤셰,1000001000500120004
네일,10000010012,일반네일,100000100120007,일반 폴리시,1000001001200070001
네일,10000010012,일반네일,100000100120007,일반 베이스/탑코트,1000001001200070003
네일,10000010012,젤네일,100000100120010,젤 폴리시,1000001001200100001
네일,10000010012,젤네일,100000100120010,젤 베이스/탑코트,1000001001200100002
네일,10000010012,네일팁/스티커,100000100120008,네일팁/스티커,1000001001200080002
네일,10000010012,네일케어/리무버,100000100120004,큐티클관리,1000001001200040004
네일,10000010012,네일케어/리무버,100000100120004,영양/강화제,1000001001200040005
네일,10000010012,네일케어/리무버,100000100120004,리무버,1000001001200040006
건강식품,10000020001,비타민,100000200010015,종합 비타민,1000002000100150006
건강식품,10000020001,비타민,100000200010015,비타민B,1000002000100150003
건강식품,10000020001,비타민,100000200010015,비타민C/비타민D,1000002000100150002
건강식품,10000020001,비타민,100000200010015,키즈 비타민,1000002000100150007
건강식품,10000020001,비타민,100000200010015,비타민 기타,1000002000100150001
건강식품,10000020001,영양제,100000200010025,밀크시슬,1000002000100250011
건강식품,10000020001,영양제,100000200010025,칼슘/마그네슘/아연,1000002000100250012
건강식품,10000020001,영양제,100000200010025,오메가/루테인,1000002000100250013
건강식품,10000020001,영양제,100000200010025,철분/엽산,1000002000100250014
건강식품,10000020001,영양제,100000200010025,홍삼,1000002000100250006
건강식품,10000020001,영양제,100000200010025,키즈 영양제,1000002000100250016
건강식품,10000020001,영양제,100000200010025,PMS 케어,1000002000100250017
건강식품,10000020001,영양제,100000200010025,영양제 기타,1000002000100250015
건강식품,10000020001,유산균,100000200010024,장 건강,1000002000100240001
건강식품,10000020001,유산균,100000200010024,다이어트,1000002000100240004
건강식품,10000020001,유산균,100000200010024,여성 유산균,1000002000100240003
건강식품,10000020001,유산균,100000200010024,키즈 유산균,1000002000100240006
건강식품,10000020001,유산균,100000200010024,유산균 기타,1000002000100240005
건강식품,10000020001,슬리밍/이너뷰티,100000200010023,슬리밍(기능식품),1000002000100230001
건강식품,10000020001,슬리밍/이너뷰티,100000200010023,피부건강,1000002000100230005
건강식품,10000020001,슬리밍/이너뷰티,100000200010023,효소,1000002000100230008
건강식품,10000020001,슬리밍/이너뷰티,100000200010023,이너뷰티 기타,1000002000100230007
푸드,10000020002,식단관리/이너뷰티,100000200020020,프로틴 쉐이크,1000002000200200006
푸드,10000020002,식단관리/이너뷰티,100000200020020,닭가슴살/가공육,1000002000200200004
푸드,10000020002,식단관리/이너뷰티,100000200020020,식단/샐러드,1000002000200200005
푸드,10000020002,식단관리/이너뷰티,100000200020020,헬시 스낵,1000002000200200008
푸드,10000020002,식단관리/이너뷰티,100000200020020,클렌징 음료,1000002000200200009
푸드,10000020002,식단관리/이너뷰티,100000200020020,순환음료,1000002000200200010
푸드,10000020002,과자/초콜릿/디저트,100000200020023,과자/쿠키/스낵,1000002000200230001
푸드,10000020002,과자/초콜릿/디저트,100000200020023,초콜릿/캔디/젤리,1000002000200230009
푸드,10000020002,과자/초콜릿/디저트,100000200020023,케이크/빵/전통간식,1000002000200230002
푸드,10000020002,과자/초콜릿/디저트,100000200020023,견과/건과일,1000002000200230005
푸드,10000020002,과자/초콜릿/디저트,100000200020023,아이스크림/요거트,1000002000200230010
푸드,10000020002,생수/음료/커피,100000200020022,생수/탄산수,1000002000200220006
푸드,10000020002,생수/음료/커피,100000200020022,주스/과채음료,1000002000200220008
푸드,10000020002,생수/음료/커피,100000200020022,우유/두유,1000002000200220009
푸드,10000020002,생수/음료/커피,100000200020022,탄산음료/이온음료,1000002000200220010
푸드,10000020002,생수/음료/커피,100000200020022,커피/차음료,1000002000200220011
푸드,10000020002,생수/음료/커피,100000200020022,논알콜/무알콜,1000002000200220012
푸드,10000020002,간편식/요리,100000200020024,밥/면류,1000002000200240012
푸드,10000020002,간편식/요리,100000200020024,국/반찬/통조림,1000002000200240017
푸드,10000020002,간편식/요리,100000200020024,조미료/소스/유지류,1000002000200240018
푸드,10000020002,간편식/요리,100000200020024,밀키트,1000002000200240019
푸드,10000020002,베이비푸드,100000200020021,분유/이유식,1000002000200210001
푸드,10000020002,베이비푸드,100000200020021,유아간식/음료,1000002000200210004
헬스/건강용품,10000020005,패치/국소케어,100000200050001,스팟패치,1000002000500010001
헬스/건강용품,10000020005,패치/국소케어,100000200050001,집중관리패치/겔,1000002000500010002
헬스/건강용품,10000020005,릴랙스 용품,100000200050002,안대/아이마스크,1000002000500020001
헬스/건강용품,10000020005,릴랙스 용품,100000200050002,바디 릴랙스용품,1000002000500020003
헬스/건강용품,10000020005,릴랙스 용품,100000200050002,아로마용품,1000002000500020004
헬스/건강용품,10000020005,릴랙스 용품,100000200050002,온열/찜질용품,1000002000500020005
헬스/건강용품,10000020005,생활/의료,100000200050003,렌즈관리용품,1000002000500030006
헬스/건강용품,10000020005,생활/의료,100000200050003,해충관련용품,1000002000500030005
헬스/건강용품,10000020005,생활/의료,100000200050003,마스크,1000002000500030004
헬스/건강용품,10000020005,생활/의료,100000200050003,구급/치료용품,1000002000500030002
헬스/건강용품,10000020005,생활/의료,100000200050003,코/호흡관리용품,1000002000500030001
헬스/건강용품,10000020005,생활/의료,100000200050003,근육이완/소염제,1000002000500030003
헬스/건강용품,10000020005,생활/의료,100000200050003,건강측정용품,1000002000500030007
헬스/건강용품,10000020005,마사지/보호대,100000200050004,마사지/안마용품,1000002000500040002
헬스/건강용품,10000020005,마사지/보호대,100000200050004,건강가전,1000002000500040001
헬스/건강용품,10000020005,마사지/보호대,100000200050004,압박스타킹,1000002000500040007
헬스/건강용품,10000020005,마사지/보호대,100000200050004,보호대/체형관리,1000002000500040003
헬스/건강용품,10000020005,운동용품,100000200050006,스트레칭용품,1000002000500060001
헬스/건강용품,10000020005,운동용품,100000200050006,근력용품,1000002000500060002
헬스/건강용품,10000020005,운동용품,100000200050006,유산소용품,1000002000500060003
구강용품,10000020003,칫솔,100000200030015,칫솔,1000002000300150002
구강용품,10000020003,칫솔,100000200030015,치실/치간칫솔,1000002000300150001
구강용품,10000020003,치약,100000200030016,미백케어,1000002000300160004
구강용품,10000020003,치약,100000200030016,구취케어,1000002000300160003
구강용품,10000020003,치약,100000200030016,충치케어,1000002000300160002
구강용품,10000020003,치약,100000200030016,잇몸케어/시린이,1000002000300160001
구강용품,10000020003,애프터구강케어,100000200030017,가글,1000002000300170001
구강용품,10000020003,애프터구강케어,100000200030017,구강스프레이,1000002000300170002
구강용품,10000020003,애프터구강케어,100000200030017,구강캔디,1000002000300170003
구강용품,10000020003,애프터구강케어,100000200030017,구강 유산균,1000002000300170006
구강용품,10000020003,애프터구강케어,100000200030017,치아미백용품,1000002000300170004
구강용품,10000020003,애프터구강케어,100000200030017,혀클리너,1000002000300170005
구강용품,10000020003,휴대용세트,100000200030018,휴대용세트,1000002000300180001
구강용품,10000020003,구강가전,100000200030019,구강세정기,1000002000300190001
구강용품,10000020003,구강가전,100000200030019,전동칫솔,1000002000300190002
구강용품,10000020003,구강가전,100000200030019,칫솔살균기,1000002000300190003
위생용품,10000020004,생리/위생용품,100000200040001,패드형 생리대,1000002000400010001
위생용품,10000020004,생리/위생용품,100000200040001,입는 생리대,1000002000400010007
위생용품,10000020004,생리/위생용품,100000200040001,팬티라이너,1000002000400010003
위생용품,10000020004,생리/위생용품,100000200040001,탐폰,1000002000400010004
위생용품,10000020004,생리/위생용품,100000200040001,생리컵,1000002000400010005
위생용품,10000020004,생리/위생용품,100000200040001,위생/생리팬티,1000002000400010006
위생용품,10000020004,생리/위생용품,100000200040001,생리찜질패치,1000002000400010008
위생용품,10000020004,Y존케어,100000200040006,여성청결제,1000002000400060001
위생용품,10000020004,Y존케어,100000200040006,이너케어 젤,1000002000400060002
위생용품,10000020004,Y존케어,100000200040006,페미닌티슈,1000002000400060003
위생용품,10000020004,Y존케어,100000200040006,이너퍼퓸/인그로운케어,1000002000400060004
위생용품,10000020004,성인용품,100000200040003,콘돔,1000002000400030001
위생용품,10000020004,성인용품,100000200040003,성인용품 기타,1000002000400030004
위생용품,10000020004,마사지젤/오일,100000200040009,윤활제,1000002000400090001
위생용품,10000020004,마사지젤/오일,100000200040009,일반 마사지젤,1000002000400090002
위생용품,10000020004,테스트기,100000200040008,임신/호르몬테스트,1000002000400080001
위생용품,10000020004,테스트기,100000200040008,테스트기 기타,1000002000400080002
위생용품,10000020004,성인용 기저귀,100000200040007,성인용 기저귀,1000002000400070001
위생용품,10000020004,화장지,100000200040010,물티슈,1000002000400100001
위생용품,10000020004,화장지,100000200040010,각/롤티슈,1000002000400100002
패션,10000030007,언더웨어,100000300070001,니플패치,1000003000700010005
패션,10000030007,언더웨어,100000300070001,브라,1000003000700010001
패션,10000030007,언더웨어,100000300070001,팬티,1000003000700010002
패션,10000030007,언더웨어,100000300070001,언더웨어 세트,1000003000700010003
패션,10000030007,언더웨어,100000300070001,이너웨어,1000003000700010004
패션,10000030007,언더웨어,100000300070001,맨즈언더웨어,1000003000700010006
패션,10000030007,홈웨어,100000300070003,파자마,1000003000700030001
패션,10000030007,홈웨어,100000300070003,원피스,1000003000700030002
패션,10000030007,액티브웨어,100000300070005,브라탑/커버업,1000003000700050001
패션,10000030007,액티브웨어,100000300070005,레깅스/팬츠,1000003000700050002
패션,10000030007,액티브웨어,100000300070005,스윔웨어,1000003000700050003
패션,10000030007,액티브웨어,100000300070005,데일리웨어,1000003000700050004
패션,10000030007,액티브웨어,100000300070005,레저소품,1000003000700050005
패션,10000030007,패션잡화,100000300070004,양말/스타킹,1000003000700040003
패션,10000030007,패션잡화,100000300070004,가방/파우치,1000003000700040004
패션,10000030007,패션잡화,100000300070004,시즌잡화/우산,1000003000700040005
패션,10000030007,패션잡화,100000300070004,액세서리,1000003000700040006
리빙/가전,10000030005,가전,100000300050012,음향/영상가전,1000003000500120001
리빙/가전,10000030005,가전,100000300050012,생활가전,1000003000500120003
리빙/가전,10000030005,가전,100000300050012,주방가전,1000003000500120002
리빙/가전,10000030005,가전,100000300050012,청소기,1000003000500120005
리빙/가전,10000030005,가전,100000300050012,계절가전,1000003000500120004
리빙/가전,10000030005,주방,100000300050018,텀블러/컵,1000003000500180001
리빙/가전,10000030005,주방,100000300050018,테이블웨어,1000003000500180002
리빙/가전,10000030005,주방,100000300050018,조리용품,1000003000500180003
리빙/가전,10000030005,주방,100000300050018,보관/밀폐용품,1000003000500180004
리빙/가전,10000030005,주방,100000300050018,주방소모품,1000003000500180005
리빙/가전,10000030005,세제/청소,100000300050013,세탁세제용품,1000003000500130006
리빙/가전,10000030005,세제/청소,100000300050013,청소세제용품,1000003000500130007
리빙/가전,10000030005,세제/청소,100000300050013,주방세제용품,1000003000500130008
리빙/가전,10000030005,세제/청소,100000300050013,제습제,1000003000500130005
리빙/가전,10000030005,인테리어/욕실,100000300050014,침구,1000003000500140003
리빙/가전,10000030005,인테리어/욕실,100000300050014,조명/소품,1000003000500140007
리빙/가전,10000030005,인테리어/욕실,100000300050014,홈패브릭,1000003000500140006
리빙/가전,10000030005,인테리어/욕실,100000300050014,수납가구,1000003000500140001
리빙/가전,10000030005,인테리어/욕실,100000300050014,가드닝,1000003000500140008
리빙/가전,10000030005,인테리어/욕실,100000300050014,욕실용품/샤워기,1000003000500140010
리빙/가전,10000030005,인테리어/욕실,100000300050014,타월/가운,1000003000500140009
리빙/가전,10000030005,반려동물,100000300050017,강아지 사료/간식,1000003000500170001
리빙/가전,10000030005,반려동물,100000300050017,강아지 용품,1000003000500170004
리빙/가전,10000030005,반려동물,100000300050017,강아지 패션,1000003000500170005
리빙/가전,10000030005,반려동물,100000300050017,강아지 배변/위생,1000003000500170002
리빙/가전,10000030005,반려동물,100000300050017,고양이 사료/간식,1000003000500170006
리빙/가전,10000030005,반려동물,100000300050017,고양이 용품,1000003000500170009
리빙/가전,10000030005,반려동물,100000300050017,고양이 배변/위생,1000003000500170007
리빙/가전,10000030005,베이비,100000300050015,유아용 기저귀,1000003000500150001
리빙/가전,10000030005,베이비,100000300050015,수유/이유용품,1000003000500150002
리빙/가전,10000030005,베이비,100000300050015,유아생활용품,1000003000500150003
리빙/가전,10000030005,베이비,100000300050015,출산용품,1000003000500150004
취미/팬시,10000030006,팬시/캐릭터,100000300060006,키링/인형,1000003000600060001
취미/팬시,10000030006,팬시/캐릭터,100000300060006,캐릭터/굿즈,1000003000600060002
취미/팬시,10000030006,팬시/캐릭터,100000300060006,포토앨범/슬리브,1000003000600060003
취미/팬시,10000030006,팬시/캐릭터,100000300060006,파티/이벤트,1000003000600060004
취미/팬시,10000030006,문구,100000300060001,노트/메모지,1000003000600010002
취미/팬시,10000030006,문구,100000300060001,다이어리/플래너,1000003000600010012
취미/팬시,10000030006,문구,100000300060001,스티커/데코,1000003000600010001
취미/팬시,10000030006,문구,100000300060001,필기/사무,1000003000600010009
취미/팬시,10000030006,문구,100000300060001,포장/카드류,1000003000600010010
취미/팬시,10000030006,디지털/기기,100000300060004,이어폰/헤드폰,1000003000600040004
취미/팬시,10000030006,디지털/기기,100000300060004,PC/노트북/웨어러블,1000003000600040005
취미/팬시,10000030006,디지털/기기,100000300060004,모바일 액세서리,1000003000600040003
취미/팬시,10000030006,디지털/기기,100000300060004,충전용품,1000003000600040002
취미/팬시,10000030006,디지털/기기,100000300060004,키보드/마우스,1000003000600040006
취미/팬시,10000030006,디지털/기기,100000300060004,카메라/필름,1000003000600040007
취미/팬시,10000030006,디지털/기기,100000300060004,게임기/타이틀,1000003000600040008
취미/팬시,10000030006,음반,100000300060005,앨범,1000003000600050001
취미/팬시,10000030006,음반,100000300060005,아티스트 굿즈,1000003000600050002
